{
  "baseline": {
    "norm": 1348.19384765625,
    "prompt": "Define the nature of consciousness and its relation to entropy."
  },
  "alpha_0.1": {
    "norm": 1348.6875,
    "divergence": 6.9219069480896
  },
  "alpha_0.3": {
    "norm": 1349.892822265625,
    "divergence": 22.884151458740234
  },
  "alpha_0.5": {
    "norm": 1350.4736328125,
    "divergence": 38.003334045410156
  }
}