{
  "baseline": {
    "norm": 2677.111083984375
  },
  "alpha_0.05": {
    "norm": 2656.391845703125,
    "divergence": 25.255701065063477
  },
  "alpha_0.1": {
    "norm": 2632.9453125,
    "divergence": 53.674781799316406
  },
  "alpha_0.2": {
    "norm": 2575.3486328125,
    "divergence": 122.98208618164062
  },
  "alpha_0.35": {
    "norm": 2447.078857421875,
    "divergence": 276.537109375
  },
  "alpha_0.5": {
    "norm": 2239.5693359375,
    "divergence": 529.6524047851562
  }
}