{"crystal_id": "56aa0b6cccac74b7", "context_hash": "adadb593162d784705772eb5f7db9f6c0ab7b7e917e259aedd4983a6e8b8f70f", "vector_centroid": [0.8, 0.2, 0.45], "confidence": 1.0, "creation_time": 1770998608.5795252, "provenance": ["Alice", "Bob", "Charlie"], "metadata": {}, "last_accessed": 1770998608.5877962, "access_count": 1, "superseded_by": null}