{"crystal_id": "6a208aad3337a936", "context_hash": "adadb593162d784705772eb5f7db9f6c0ab7b7e917e259aedd4983a6e8b8f70f", "vector_centroid": [0.8, 0.2, 0.45], "confidence": 1.0, "creation_time": 1771005626.4628036, "provenance": ["Alice", "Bob", "Charlie"], "metadata": {}, "last_accessed": 1771005626.4706125, "access_count": 1, "superseded_by": null}